<coches>
	<coche id="001">
		<marca> Audi </marca>
		<modelo> TT </modelo>
		<motor> GTI 3.1 </motor>
		<ruedas>
			<rueda>0.5</rueda>
			<rueda>0.5</rueda>
			<rueda>0.5</rueda>
			<rueda>0.5</rueda>
		</ruedas>
	</coche>
	
	<coche id="002">
		<marca> Peughot </marca>
		<modelo> TT </modelo>
		<motor> GTI 3.1 </motor>
		<ruedas>
			<rueda>0.5</rueda>
			<rueda>0.5</rueda>
			<rueda>0.5</rueda>
			<rueda>0.5</rueda>
		</ruedas>
	</coche>
	
	<coche id="003">
		<marca> Audi </marca>
		<modelo> TT </modelo>
		<motor> GTI 3.1 </motor>
		<ruedas>
			<rueda>0.5</rueda>
			<rueda>0.5</rueda>
			<rueda>0.5</rueda>
			<rueda>0.5</rueda>
		</ruedas>
	</coche>
</coches>